"dataid,""date1"",""Ciudad"",""probrain"",""tempcelcius"""
"1,""2021-01-02"",""Cochabamba"",40,11.7"
"2,""2021-01-02"",""Trinidad"",91,26.5"
"3,""2021-01-02"",""Cochabamba"",65,19"
"4,""2021-01-02"",""Cochabamba"",100,29.2"
"5,""2021-01-02"",""Trinidad"",100,29.3"
"6,""2021-01-02"",""Cochabamba"",32,9"
"7,""2021-01-02"",""Cochabamba"",62,17.6"
"8,""2021-01-02"",""La Paz"",67,19.7"
"9,""2021-01-02"",""Sucre"",51,15.1"
"10,""2021-01-02"",""Sucre"",51,15"
"11,""2021-01-02"",""Sucre"",50,14.9"
"12,""2021-01-02"",""Potosi"",25,7.4"
"13,""2021-01-03"",""La Paz"",67,19.6"
"14,""2021-01-03"",""Sucre"",48,13.9"
"15,""2021-01-03"",""Oruro"",11,3.2"
"16,""2021-01-03"",""Potosi"",61,18.3"
"17,""2021-01-03"",""Sucre"",45,13.8"
"18,""2021-01-03"",""Sucre"",49,15.1"
"19,""2021-01-05"",""Potosi"",25,7.1"
"20,""2021-01-05"",""Sucre"",48,13.7"
"21,""2021-01-09"",""Sucre"",51,15"
"22,""2021-01-09"",""Sucre"",48,14"
"23,""2021-01-09"",""Potosi"",18,5.3"
"24,""2021-01-09"",""Sucre"",52,15.1"
"25,""2021-01-09"",""Cochabamba"",53,15.4"
"26,""2021-01-09"",""Cochabamba"",73,21.2"
"27,""2021-01-09"",""Cochabamba"",82,23.8"
"28,""2021-01-09"",""Potosi"",64,18.7"
"29,""2021-01-09"",""Cochabamba"",100,29.8"
"30,""2021-01-09"",""Cochabamba"",100,29.5"
"31,""2021-01-09"",""Cochabamba"",100,29.7"
"32,""2021-01-09"",""La Paz"",100,29.4"
"33,""2021-01-09"",""La Paz"",91,26.7"
"34,""2021-01-09"",""La Paz"",100,29.3"
"35,""2021-01-09"",""La Paz"",74,21.7"
"36,""2021-01-09"",""La Paz"",74,21.7"
"37,""2021-01-09"",""Cochabamba"",71,20.3"
"38,""2021-01-09"",""Cochabamba"",58,17"
"39,""2021-01-09"",""Santa Cruz"",68,19.8"
"40,""2021-01-09"",""Sucre"",50,14.6"
"41,""2021-01-09"",""Potosi"",64,18.7"
"42,""2021-01-09"",""Potosi"",64,18.7"
"43,""2021-01-09"",""Potosi"",63,18.2"
"44,""2021-01-09"",""Potosi"",65,18.7"
"45,""2021-01-09"",""Potosi"",26,7.5"
"46,""2021-01-09"",""Sucre"",51,14.8"
"47,""2021-01-09"",""Potosi"",63,18.4"
"48,""2021-01-09"",""Santa Cruz"",69,20.6"
"49,""2021-01-09"",""Potosi"",63,18.4"
"50,""2021-01-09"",""Sucre"",47,13.9"
"51,""2021-01-09"",""Sucre"",50,14.7"
"52,""2021-01-10"",""La Paz"",67,19.5"
"53,""2021-01-10"",""Sucre"",48,13.9"
"54,""2021-01-10"",""Potosi"",17,5"
"55,""2021-01-10"",""Sucre"",51,14.9"
"56,""2021-01-10"",""Sucre"",51,15"
"57,""2021-01-11"",""La Paz"",68,19.7"
"58,""2021-01-11"",""Potosi"",62,18.5"
"59,""2021-01-11"",""Sucre"",49,14.6"
"60,""2021-01-11"",""Potosi"",61,18.4"
"61,""2021-01-11"",""Potosi"",64,18.7"
"62,""2021-01-11"",""Santa Cruz"",69,20.8"
"63,""2021-01-11"",""Potosi"",0,0"
"64,""2021-01-11"",""Santa Cruz"",76,22.1"
"65,""2021-01-12"",""La Paz"",67,19.6"
"66,""2021-01-12"",""Potosi"",26,7.4"
"67,""2021-01-12"",""Potosi"",26,7.4"
"68,""2021-01-12"",""La Paz"",70,19.7"
"69,""2021-01-12"",""Sucre"",48,13.7"
"70,""2021-01-12"",""Santa Cruz"",70,21.1"
"71,""2021-01-12"",""Sucre"",49,13.9"
"72,""2021-01-12"",""Santa Cruz"",69,20.3"
"73,""2021-01-12"",""Potosi"",62,18.2"
"74,""2021-01-12"",""Santa Cruz"",69,20.3"
"75,""2021-01-16"",""Sucre"",52,14.6"
"76,""2021-01-16"",""Sucre"",54,14.9"
"77,""2021-01-16"",""Sucre"",56,15.1"
"78,""2021-01-16"",""Santa Cruz"",70,20.7"
"79,""2021-01-16"",""Santa Cruz"",68,19.7"
"80,""2021-01-19"",""Potosi"",63,18.6"
"81,""2021-01-19"",""Santa Cruz"",68,20.2"
"82,""2021-01-19"",""Potosi"",19,5.6"
"83,""2021-01-19"",""Sucre"",47,13.8"
"84,""2021-01-20"",""Santa Cruz"",70,20.5"
"85,""2021-01-21"",""Oruro"",67,18.2"
"86,""2021-01-21"",""Potosi"",63,18.3"
"87,""2021-01-21"",""Santa Cruz"",68,20.5"
"88,""2021-01-21"",""Cochabamba"",71,21.4"
"89,""2021-01-21"",""Cochabamba"",73,22"
"90,""2021-01-22"",""Cochabamba"",96,28"
"91,""2021-01-22"",""Cochabamba"",100,29.2"
"92,""2021-01-22"",""Cochabamba"",59,17.2"
"93,""2021-01-22"",""Cochabamba"",57,16.6"
"94,""2021-01-22"",""Potosi"",18,5.3"
"95,""2021-01-22"",""Cochabamba"",90,26.2"
"96,""2021-01-22"",""Cochabamba"",61,17.7"
"97,""2021-01-22"",""Cochabamba"",100,29.5"
"98,""2021-01-22"",""Cochabamba"",100,29.1"
"99,""2021-01-22"",""Potosi"",64,18.2"
"100,""2021-01-22"",""Cochabamba"",56,16.1"
"101,""2021-01-23"",""Oruro"",67,18.7"
"102,""2021-01-23"",""Cochabamba"",81,23.2"
"103,""2021-01-23"",""Cochabamba"",66,18.9"
"104,""2021-01-23"",""Trinidad"",100,29"
"105,""2021-01-23"",""Cochabamba"",83,24.9"
"106,""2021-01-23"",""Cochabamba"",72,21.7"
"107,""2021-01-23"",""Tarija"",94,28.3"
"108,""2021-01-23"",""Tarija"",95,28.6"
"109,""2021-01-25"",""Tarija"",81,24.4"
"110,""2021-01-25"",""Cochabamba"",72,21.1"
"111,""2021-01-25"",""Cochabamba"",66,19.5"
"112,""2021-01-25"",""Potosi"",64,18.7"
"113,""2021-01-25"",""Cochabamba"",43,12.6"
"114,""2021-01-25"",""Cochabamba"",38,11.1"
"115,""2021-01-25"",""Trinidad"",71,21"
"116,""2021-01-25"",""Trinidad"",84,25"
"117,""2021-01-25"",""Santa Cruz"",68,20.2"
"118,""2021-01-27"",""Cochabamba"",43,12.2"
"119,""2021-01-27"",""Sucre"",53,14.9"
"120,""2021-01-27"",""Santa Cruz"",68,19.6"
"121,""2021-01-27"",""Potosi"",63,18.2"
"122,""2021-01-27"",""Santa Cruz"",76,21.9"
"123,""2021-01-30"",""Sucre"",50,14.5"
"124,""2021-01-30"",""Santa Cruz"",70,20.7"
"125,""2021-02-01"",""La Paz"",69,19.6"
"126,""2021-02-01"",""Potosi"",22,6.3"
"127,""2021-02-01"",""La Paz"",68,19.7"
"128,""2021-02-01"",""Potosi"",64,18.6"
"129,""2021-02-01"",""Santa Cruz"",70,20.6"
"130,""2021-02-01"",""Santa Cruz"",70,21.1"
"131,""2021-02-02"",""Potosi"",64,18.6"
"132,""2021-02-02"",""Santa Cruz"",70,19.7"
"133,""2021-02-03"",""Potosi"",64,18.4"
"134,""2021-02-05"",""Sucre"",53,15.1"
"135,""2021-02-05"",""Sucre"",50,14.6"
"136,""2021-02-05"",""Cochabamba"",81,24.3"
"137,""2021-02-05"",""Cochabamba"",36,10.3"
"138,""2021-02-05"",""Cochabamba"",57,16.1"
"139,""2021-02-05"",""Oruro"",11,3.1"
"140,""2021-02-05"",""Cochabamba"",38,11.2"
"141,""2021-02-06"",""Potosi"",25,7.1"
"142,""2021-02-06"",""Sucre"",50,14.6"
"143,""2021-02-06"",""Sucre"",50,14.5"
"144,""2021-02-06"",""Cochabamba"",21,6"
"145,""2021-02-06"",""Cochabamba"",50,14.4"
"146,""2021-02-06"",""Cochabamba"",36,10.4"
"147,""2021-02-06"",""Trinidad"",53,15.3"
"148,""2021-02-06"",""Trinidad"",71,20.5"
"149,""2021-02-06"",""Trinidad"",54,15.6"
"150,""2021-02-06"",""Cochabamba"",79,22.3"
"151,""2021-02-06"",""Cochabamba"",71,19.9"
"152,""2021-02-06"",""Santa Cruz"",76,21.9"
"153,""2021-02-06"",""Cochabamba"",84,24.4"
"154,""2021-02-06"",""Cochabamba"",98,28.6"
"155,""2021-02-06"",""Cochabamba"",86,25.1"
"156,""2021-02-06"",""Potosi"",0,0"
"157,""2021-02-07"",""Sucre"",48,14"
"158,""2021-02-07"",""Sucre"",47,13.7"
"159,""2021-02-07"",""La Paz"",68,19.8"
"160,""2021-02-07"",""Potosi"",26,7.5"
"161,""2021-02-07"",""Cochabamba"",74,21.5"
"162,""2021-02-07"",""Sucre"",50,14.6"
"163,""2021-02-07"",""Cochabamba"",56,16.3"
"164,""2021-02-07"",""Cochabamba"",69,20.1"
"165,""2021-02-07"",""Cochabamba"",44,12.8"
"166,""2021-02-07"",""Cochabamba"",71,20.7"
"167,""2021-02-07"",""Cochabamba"",62,18"
"168,""2021-02-07"",""Cochabamba"",62,18"
"169,""2021-02-07"",""Potosi"",4,1.2"
"170,""2021-02-07"",""Cochabamba"",97,28.3"
"171,""2021-02-07"",""Cochabamba"",100,29.2"
"172,""2021-02-07"",""Santa Cruz"",75,21.8"
"173,""2021-02-07"",""Cochabamba"",100,29.3"
"174,""2021-02-07"",""Cochabamba"",97,28.3"
"175,""2021-02-07"",""Cochabamba"",85,24.8"
"176,""2021-02-07"",""Cochabamba"",55,16"
"177,""2021-02-07"",""Cochabamba"",71,20.6"
"178,""2021-02-07"",""Cochabamba"",72,20.9"
"179,""2021-02-07"",""Santa Cruz"",76,21.4"
"180,""2021-02-07"",""Cochabamba"",72,20.2"
"181,""2021-02-07"",""Potosi"",0,0"
"182,""2021-02-07"",""Potosi"",20,5.9"
"183,""2021-02-07"",""Sucre"",50,15.1"
"184,""2021-02-07"",""Cochabamba"",79,23.6"
"185,""2021-02-07"",""Cochabamba"",79,23.7"
"186,""2021-02-07"",""Potosi"",61,18.3"
"187,""2021-02-07"",""Cochabamba"",81,24.1"
"188,""2021-02-07"",""Cochabamba"",79,23.5"
"189,""2021-02-07"",""Trinidad"",58,17.6"
"190,""2021-02-07"",""Cochabamba"",54,16.4"
"191,""2021-02-08"",""Sucre"",50,14.6"
"192,""2021-02-08"",""Potosi"",23,6.4"
"193,""2021-02-08"",""La Paz"",67,19.6"
"194,""2021-02-08"",""Cochabamba"",44,12"
"195,""2021-02-08"",""Cochabamba"",62,16.9"
"196,""2021-02-08"",""Cochabamba"",69,19"
"197,""2021-02-08"",""Cochabamba"",29,7.8"
"198,""2021-02-08"",""Santa Cruz"",80,21.7"
"199,""2021-02-08"",""Cochabamba"",65,17.7"
"200,""2021-02-08"",""Cochabamba"",84,23.1"
"201,""2021-02-08"",""Santa Cruz"",81,21.7"
"202,""2021-02-08"",""Santa Cruz"",75,22"
"203,""2021-02-08"",""Santa Cruz"",75,21.8"
"204,""2021-02-08"",""Sucre"",51,14.9"
"205,""2021-02-08"",""Potosi"",62,18.7"
"206,""2021-02-10"",""Potosi"",66,18.6"
"207,""2021-02-14"",""Santa Cruz"",67,19.4"
"208,""2021-02-17"",""Santa Cruz"",75,22.1"
"209,""2021-02-17"",""Sucre"",52,15.2"
"210,""2021-02-19"",""Sucre"",49,14.1"
"211,""2021-02-19"",""Potosi"",18,5.3"
"212,""2021-02-19"",""Santa Cruz"",75,21.3"
"213,""2021-02-20"",""Sucre"",47,13.7"
"214,""2021-02-21"",""Santa Cruz"",67,19.5"
"215,""2021-02-21"",""Sucre"",49,14.8"
"216,""2021-02-23"",""Santa Cruz"",67,19.4"
"217,""2021-02-23"",""Potosi"",26,7.5"
"218,""2021-02-23"",""Sucre"",52,15.2"
"219,""2021-02-23"",""Santa Cruz"",70,20.5"
"220,""2021-02-23"",""Sucre"",51,14.9"
"221,""2021-02-23"",""Potosi"",61,18.3"
"222,""2021-02-23"",""Potosi"",62,18.6"
"223,""2021-02-23"",""Potosi"",25,7.5"
"224,""2021-02-24"",""La Paz"",67,19.8"
"225,""2021-02-24"",""La Paz"",67,19.8"
"226,""2021-02-24"",""Santa Cruz"",70,20.6"
"227,""2021-02-24"",""Santa Cruz"",68,21.3"
"228,""2021-02-25"",""Potosi"",61,18.2"
"229,""2021-02-25"",""Sucre"",48,14.1"
"230,""2021-02-25"",""Potosi"",26,7.5"
"231,""2021-02-28"",""La Paz"",67,19.7"
"232,""2021-02-28"",""Potosi"",0,0"
"233,""2021-03-01"",""Sucre"",51,14.8"
"234,""2021-03-01"",""Sucre"",50,14.9"
"235,""2021-03-01"",""Sucre"",47,13.9"
"236,""2021-03-01"",""Sucre"",49,14.6"
"237,""2021-03-01"",""Potosi"",18,5.4"
"238,""2021-03-01"",""Santa Cruz"",70,21.1"
"239,""2021-03-02"",""Santa Cruz"",75,21.9"
"240,""2021-03-02"",""Santa Cruz"",69,20.6"
"241,""2021-03-02"",""Potosi"",63,18.5"
"242,""2021-03-02"",""Potosi"",62,18.4"
"243,""2021-03-03"",""Potosi"",25,7.2"
"244,""2021-03-03"",""Potosi"",21,5.9"
"245,""2021-03-03"",""Potosi"",20,5.6"
"246,""2021-03-03"",""Potosi"",17,4.9"
"247,""2021-03-03"",""Potosi"",65,18.7"
"248,""2021-03-03"",""Potosi"",22,6.3"
"249,""2021-03-03"",""Santa Cruz"",70,20.9"
"250,""2021-03-07"",""Santa Cruz"",68,20.9"
"251,""2021-03-08"",""Potosi"",24,7.2"
"252,""2021-03-08"",""Potosi"",0,0"
"253,""2021-03-09"",""Sucre"",48,13.9"
"254,""2021-03-09"",""Potosi"",62,18.6"
"255,""2021-03-09"",""Potosi"",61,18.3"
"256,""2021-03-09"",""Sucre"",47,14.1"
"257,""2021-03-10"",""Potosi"",64,18.7"
"258,""2021-03-10"",""Santa Cruz"",70,20.9"
"259,""2021-03-11"",""La Paz"",69,21.1"
"260,""2021-03-11"",""Potosi"",60,18.3"
"261,""2021-03-11"",""Santa Cruz"",68,20.3"
"262,""2021-03-12"",""Potosi"",18,5.1"
"263,""2021-03-12"",""Potosi"",64,18.2"
"264,""2021-03-12"",""Santa Cruz"",70,20.6"
"265,""2021-03-13"",""Sucre"",50,14.5"
"266,""2021-03-13"",""Sucre"",52,15"
"267,""2021-03-13"",""Santa Cruz"",67,19.3"
"268,""2021-03-16"",""Santa Cruz"",69,20.8"
"269,""2021-03-17"",""Sucre"",50,14.5"
"270,""2021-03-17"",""Potosi"",0,0"
"271,""2021-03-17"",""Santa Cruz"",69,20.2"
"272,""2021-03-17"",""Santa Cruz"",70,20.6"
"273,""2021-03-17"",""Santa Cruz"",69,20.3"
"274,""2021-03-17"",""Santa Cruz"",69,20.3"
"275,""2021-03-22"",""Sucre"",50,14.7"
"276,""2021-03-23"",""Santa Cruz"",69,20.4"
"277,""2021-03-25"",""Potosi"",20,5.8"
"278,""2021-03-25"",""Sucre"",47,13.9"
"279,""2021-03-25"",""Sucre"",51,15"
"280,""2021-03-25"",""Potosi"",0,0"
"281,""2021-03-25"",""Sucre"",51,15.1"
"282,""2021-03-26"",""La Paz"",68,19.8"
"283,""2021-03-26"",""Potosi"",25,7.1"
"284,""2021-03-26"",""Potosi"",64,18.7"
"285,""2021-03-26"",""Sucre"",47,13.7"
"286,""2021-03-26"",""Santa Cruz"",70,20.8"
"287,""2021-03-28"",""Potosi"",25,7.2"
"288,""2021-03-28"",""Potosi"",0,0"
"289,""2021-03-29"",""Sucre"",48,14.5"
"290,""2021-03-30"",""Potosi"",63,18.2"
"291,""2021-03-30"",""Santa Cruz"",68,20.5"
"292,""2021-03-31"",""Potosi"",64,18.2"
"293,""2021-04-01"",""Potosi"",62,18.2"
"294,""2021-04-02"",""Potosi"",22,6.4"
"295,""2021-04-04"",""Sucre"",48,13.8"
"296,""2021-04-06"",""Sucre"",52,15.1"
"297,""2021-04-06"",""La Paz"",67,19.5"
"298,""2021-04-06"",""Santa Cruz"",70,20.6"
"299,""2021-04-07"",""Potosi"",65,18.7"
"300,""2021-04-07"",""Potosi"",63,18.2"
"301,""2021-04-08"",""Santa Cruz"",76,21.8"
"302,""2021-04-08"",""Santa Cruz"",78,21.2"
"303,""2021-04-09"",""Potosi"",63,18.6"
"304,""2021-04-09"",""Potosi"",63,18.4"
"305,""2021-04-10"",""Potosi"",65,18.3"
"306,""2021-04-10"",""Santa Cruz"",75,21.8"
"307,""2021-04-10"",""Sucre"",51,14.8"
"308,""2021-04-10"",""Sucre"",51,15"
"309,""2021-04-10"",""Sucre"",51,14.9"
"310,""2021-04-10"",""Potosi"",63,18.5"
"311,""2021-04-10"",""Santa Cruz"",75,21.9"
"312,""2021-04-11"",""Potosi"",65,18.5"
"313,""2021-04-11"",""Sucre"",47,13.8"
"314,""2021-04-11"",""Santa Cruz"",70,20.7"
"315,""2021-04-13"",""Sucre"",48,13.8"
"316,""2021-04-13"",""Sucre"",51,15.2"
"317,""2021-04-14"",""Potosi"",26,7.5"
"318,""2021-04-14"",""Sucre"",49,14.1"
"319,""2021-04-14"",""Potosi"",63,18.7"
"320,""2021-04-14"",""Sucre"",50,14.7"
"321,""2021-04-14"",""Potosi"",64,18.7"
"322,""2021-04-15"",""Sucre"",48,14"
"323,""2021-04-15"",""Potosi"",64,18.7"
"324,""2021-04-15"",""La Paz"",67,19.6"
"325,""2021-04-15"",""La Paz"",67,19.7"
"326,""2021-04-15"",""Potosi"",63,18.3"
"327,""2021-04-15"",""Sucre"",52,15.2"
"328,""2021-04-15"",""Sucre"",48,14"
"329,""2021-04-15"",""Sucre"",47,13.9"
"330,""2021-04-15"",""Potosi"",63,18.6"
"331,""2021-04-15"",""Sucre"",49,14.5"
"332,""2021-04-15"",""Potosi"",61,18.2"
"333,""2021-04-15"",""Potosi"",0,0"
"334,""2021-04-15"",""Sucre"",46,13.7"
"335,""2021-04-16"",""Sucre"",48,13.9"
"336,""2021-04-16"",""Sucre"",51,14.8"
"337,""2021-04-16"",""Sucre"",50,14.5"
"338,""2021-04-16"",""Potosi"",63,18.7"
"339,""2021-04-16"",""Potosi"",62,18.2"
"340,""2021-04-17"",""La Paz"",68,19.8"
"341,""2021-04-17"",""Sucre"",48,14"
"342,""2021-04-17"",""Sucre"",48,14"
"343,""2021-04-17"",""Potosi"",23,6.7"
"344,""2021-04-17"",""Potosi"",64,18.7"
"345,""2021-04-17"",""Potosi"",0,0"
"346,""2021-04-18"",""Oruro"",11,3.2"
"347,""2021-04-20"",""Sucre"",53,15.2"
"348,""2021-04-20"",""Santa Cruz"",69,20.5"
"349,""2021-04-20"",""Potosi"",63,18.7"
"350,""2021-04-20"",""Sucre"",50,14.1"
"351,""2021-04-21"",""Potosi"",17,4.9"
"352,""2021-04-21"",""Potosi"",63,18.7"
"353,""2021-04-21"",""Potosi"",63,18.2"
"354,""2021-04-22"",""Sucre"",51,14.9"
"355,""2021-04-22"",""Potosi"",18,5.2"
"356,""2021-04-22"",""Santa Cruz"",68,20.6"
"357,""2021-04-22"",""Sucre"",49,14.6"
"358,""2021-04-22"",""Potosi"",61,18.2"
"359,""2021-04-22"",""Potosi"",62,18.5"
"360,""2021-04-22"",""Potosi"",22,6.6"
"361,""2021-04-22"",""Potosi"",63,18.5"
"362,""2021-04-22"",""Sucre"",49,14.7"
"363,""2021-04-23"",""Sucre"",48,13.9"
"364,""2021-04-23"",""Sucre"",52,15.1"
"365,""2021-04-23"",""Sucre"",51,14.8"
"366,""2021-04-24"",""Sucre"",51,14.9"
"367,""2021-04-24"",""Potosi"",63,18.4"
"368,""2021-04-24"",""Santa Cruz"",67,19.6"
"369,""2021-04-24"",""Oruro"",11,3.2"
"370,""2021-04-24"",""Santa Cruz"",70,20.7"
"371,""2021-04-24"",""Santa Cruz"",67,19.8"
"372,""2021-04-24"",""Santa Cruz"",70,20.4"
"373,""2021-04-24"",""Sucre"",51,14"
"374,""2021-04-26"",""Potosi"",63,18.7"
"375,""2021-04-27"",""Sucre"",47,13.8"
"376,""2021-04-27"",""Santa Cruz"",70,20.9"
"377,""2021-04-28"",""Potosi"",64,18.5"
"378,""2021-04-28"",""La Paz"",68,19.6"
"379,""2021-04-29"",""Potosi"",66,18.6"
"380,""2021-04-29"",""Potosi"",26,7.5"
"381,""2021-04-29"",""Sucre"",50,14.6"
"382,""2021-04-29"",""Santa Cruz"",68,20.4"
"383,""2021-04-29"",""Potosi"",18,5.2"
"384,""2021-04-29"",""Potosi"",62,18.4"
"385,""2021-04-29"",""Sucre"",47,14"
"386,""2021-04-29"",""Santa Cruz"",68,19.5"
"387,""2021-04-29"",""Santa Cruz"",69,20.5"
"388,""2021-04-29"",""Potosi"",62,18.4"
"389,""2021-04-30"",""Potosi"",64,18.3"
"390,""2021-04-30"",""Potosi"",63,18.4"
"391,""2021-04-30"",""Sucre"",51,15.1"
"392,""2021-04-30"",""Santa Cruz"",67,19.7"
"393,""2021-05-01"",""Potosi"",25,7.2"
"394,""2021-05-01"",""Santa Cruz"",67,19.4"
"395,""2021-05-01"",""Sucre"",51,14.6"
"396,""2021-05-01"",""Potosi"",61,18.2"
"397,""2021-05-01"",""Santa Cruz"",69,20.8"
"398,""2021-05-01"",""Potosi"",62,18.6"
"399,""2021-05-01"",""Potosi"",62,18.5"
"400,""2021-05-01"",""Sucre"",48,14"
"401,""2021-05-01"",""Sucre"",50,14.9"
"402,""2021-05-01"",""Potosi"",61,18.3"
"403,""2021-05-01"",""Santa Cruz"",67,20.2"
"404,""2021-05-02"",""Potosi"",18,5.2"
"405,""2021-05-02"",""Potosi"",17,4.9"
"406,""2021-05-02"",""Sucre"",52,15.1"
"407,""2021-05-02"",""Potosi"",64,18.6"
"408,""2021-05-02"",""Sucre"",47,13.9"
"409,""2021-05-03"",""Potosi"",62,18.2"
"410,""2021-05-03"",""Sucre"",50,14.9"
"411,""2021-05-03"",""Sucre"",49,14.7"
"412,""2021-05-03"",""Potosi"",62,18.5"
"413,""2021-05-03"",""Potosi"",25,7.4"
"414,""2021-05-03"",""Potosi"",22,6.7"
"415,""2021-05-03"",""Santa Cruz"",75,22.1"
"416,""2021-05-03"",""Santa Cruz"",69,20.4"
"417,""2021-05-04"",""Sucre"",51,14.9"
"418,""2021-05-04"",""Sucre"",48,14"
"419,""2021-05-04"",""Potosi"",62,18.2"
"420,""2021-05-04"",""Oruro"",67,18.5"
"421,""2021-05-04"",""Potosi"",62,18.3"
"422,""2021-05-04"",""Potosi"",62,18.4"
"423,""2021-05-05"",""Sucre"",52,14.8"
"424,""2021-05-05"",""Sucre"",48,14"
"425,""2021-05-05"",""Sucre"",51,14.8"
"426,""2021-05-05"",""Santa Cruz"",70,20.4"
"427,""2021-05-08"",""Potosi"",65,18.5"
"428,""2021-05-08"",""Potosi"",25,7.2"
"429,""2021-05-08"",""Potosi"",62,18.3"
"430,""2021-05-08"",""Potosi"",23,6.7"
"431,""2021-05-08"",""Potosi"",0,0"
"432,""2021-05-08"",""La Paz"",68,19.7"
"433,""2021-05-08"",""Potosi"",62,18.2"
"434,""2021-05-08"",""Sucre"",46,13.7"
"435,""2021-05-08"",""Sucre"",51,15.1"
"436,""2021-05-08"",""Sucre"",50,14.8"
"437,""2021-05-08"",""Potosi"",22,6.6"
"438,""2021-05-08"",""Santa Cruz"",70,20.8"
"439,""2021-05-08"",""Santa Cruz"",68,20.2"
"440,""2021-05-08"",""Potosi"",62,18.5"
"441,""2021-05-08"",""Potosi"",62,18.5"
"442,""2021-05-08"",""Santa Cruz"",70,20.9"
"443,""2021-05-08"",""Santa Cruz"",68,20.4"
"444,""2021-05-08"",""Potosi"",63,18.5"
"445,""2021-05-08"",""Santa Cruz"",70,20.9"
"446,""2021-05-08"",""Santa Cruz"",70,20.7"
"447,""2021-05-09"",""Potosi"",23,6.6"
"448,""2021-05-09"",""Santa Cruz"",68,19.5"
"449,""2021-05-09"",""Potosi"",61,18.3"
"450,""2021-05-10"",""Sucre"",48,13.9"
"451,""2021-05-10"",""Santa Cruz"",67,19.4"
"452,""2021-05-10"",""Santa Cruz"",76,22"
"453,""2021-05-10"",""Sucre"",50,14.5"
"454,""2021-05-10"",""Sucre"",51,14.7"
"455,""2021-05-10"",""Potosi"",63,18.6"
"456,""2021-05-10"",""Santa Cruz"",70,20.7"
"457,""2021-05-10"",""Oruro"",11,3.2"
"458,""2021-05-10"",""Potosi"",62,18.2"
"459,""2021-05-10"",""Potosi"",62,18.3"
"460,""2021-05-12"",""Sucre"",51,15"
"461,""2021-05-13"",""Sucre"",52,14.8"
"462,""2021-05-13"",""Sucre"",50,14.6"
"463,""2021-05-13"",""Santa Cruz"",69,20.2"
"464,""2021-05-13"",""Potosi"",63,18.6"
"465,""2021-05-13"",""Sucre"",50,14.7"
"466,""2021-05-13"",""Santa Cruz"",67,19.8"
"467,""2021-05-13"",""Potosi"",62,18.5"
"468,""2021-05-13"",""Santa Cruz"",70,20.7"
"469,""2021-05-13"",""Sucre"",50,14.7"
"470,""2021-05-13"",""Sucre"",47,13.8"
"471,""2021-05-13"",""Santa Cruz"",75,22.1"
"472,""2021-05-13"",""Santa Cruz"",75,22"
"473,""2021-05-13"",""Potosi"",63,18.6"
"474,""2021-05-13"",""Santa Cruz"",69,20.3"
"475,""2021-05-13"",""Santa Cruz"",70,20.7"
"476,""2021-05-13"",""Santa Cruz"",67,19.8"
"477,""2021-05-13"",""Potosi"",17,5"
"478,""2021-05-13"",""Santa Cruz"",69,20.4"
"479,""2021-05-13"",""Santa Cruz"",70,20.5"
"480,""2021-05-14"",""Potosi"",64,18.3"
"481,""2021-05-14"",""La Paz"",67,19.5"
"482,""2021-05-14"",""Potosi"",64,18.7"
"483,""2021-05-14"",""Sucre"",52,15.2"
"484,""2021-05-14"",""Potosi"",19,5.6"
"485,""2021-05-14"",""Potosi"",62,18.3"
"486,""2021-05-14"",""Potosi"",63,18.7"
"487,""2021-05-14"",""Santa Cruz"",75,22.1"
"488,""2021-05-14"",""Potosi"",63,18.4"
"489,""2021-05-14"",""Santa Cruz"",67,19.4"
"490,""2021-05-14"",""Potosi"",64,18.5"
"491,""2021-05-15"",""Potosi"",17,4.9"
"492,""2021-05-15"",""Potosi"",63,18.3"
"493,""2021-05-15"",""Sucre"",52,15.1"
"494,""2021-05-15"",""Potosi"",17,4.9"
"495,""2021-05-15"",""Potosi"",22,6.4"
"496,""2021-05-15"",""Sucre"",52,15"
"497,""2021-05-15"",""Sucre"",49,14.1"
"498,""2021-05-15"",""Potosi"",65,18.7"
"499,""2021-05-15"",""Potosi"",64,18.6"
"500,""2021-05-15"",""Potosi"",63,18.5"
"501,""2021-05-15"",""Sucre"",50,14.7"
"502,""2021-05-15"",""La Paz"",67,19.7"
"503,""2021-05-15"",""Santa Cruz"",67,19.7"
"504,""2021-05-15"",""Santa Cruz"",68,20.2"
"505,""2021-05-15"",""Santa Cruz"",67,20.2"
"506,""2021-05-15"",""Santa Cruz"",69,20.6"
"507,""2021-05-15"",""Santa Cruz"",75,22.1"
"508,""2021-05-15"",""Sucre"",47,13.9"
"509,""2021-05-15"",""Potosi"",18,5.3"
"510,""2021-05-16"",""Oruro"",11,3.2"
"511,""2021-05-16"",""Sucre"",51,14.8"
"512,""2021-05-16"",""Potosi"",61,18.4"
"513,""2021-05-16"",""Potosi"",63,18.5"
"514,""2021-05-16"",""Sucre"",52,15.1"
"515,""2021-05-16"",""Potosi"",61,18.4"
"516,""2021-05-17"",""Potosi"",64,18.2"
"517,""2021-05-17"",""Santa Cruz"",68,19.8"
"518,""2021-05-17"",""Potosi"",63,18.4"
"519,""2021-05-17"",""Sucre"",48,14"
"520,""2021-05-17"",""Sucre"",49,14.8"
"521,""2021-05-17"",""Santa Cruz"",69,20.7"
"522,""2021-05-17"",""Potosi"",61,18.3"
"523,""2021-05-17"",""Potosi"",19,5.6"
"524,""2021-05-17"",""Sucre"",51,15"
"525,""2021-05-17"",""Potosi"",63,18.7"
"526,""2021-05-17"",""Santa Cruz"",70,20.9"
"527,""2021-05-17"",""Sucre"",52,15.2"
"528,""2021-05-18"",""Potosi"",18,5.2"
"529,""2021-05-18"",""Sucre"",52,15"
"530,""2021-05-18"",""La Paz"",68,19.8"
"531,""2021-05-18"",""Sucre"",51,14.6"
"532,""2021-05-18"",""La Paz"",68,19.8"
"533,""2021-05-18"",""Potosi"",63,18.2"
"534,""2021-05-18"",""Sucre"",49,14.9"
"535,""2021-05-18"",""Potosi"",20,5.9"
"536,""2021-05-18"",""Sucre"",51,15.2"
"537,""2021-05-18"",""Potosi"",62,18.5"
"538,""2021-05-18"",""Potosi"",62,18.4"
"539,""2021-05-18"",""Sucre"",47,13.9"
"540,""2021-05-18"",""Santa Cruz"",69,20.4"
"541,""2021-05-18"",""Sucre"",51,15"
"542,""2021-05-18"",""Santa Cruz"",68,20.2"
"543,""2021-05-19"",""Sucre"",50,14.6"
"544,""2021-05-19"",""Potosi"",23,6.5"
"545,""2021-05-19"",""La Paz"",67,19.6"
"546,""2021-05-19"",""Sucre"",52,15.2"
"547,""2021-05-19"",""La Paz"",67,19.5"
"548,""2021-05-19"",""Santa Cruz"",67,19.6"
"549,""2021-05-19"",""Santa Cruz"",70,20.4"
"550,""2021-05-19"",""Santa Cruz"",75,21.9"
"551,""2021-05-19"",""Santa Cruz"",70,20.4"
"552,""2021-05-19"",""Santa Cruz"",75,21.9"
"553,""2021-05-19"",""Potosi"",62,18.5"
"554,""2021-05-19"",""Potosi"",62,18.6"
"555,""2021-05-19"",""Potosi"",25,7.5"
"556,""2021-05-19"",""Potosi"",4,1.2"
"557,""2021-05-19"",""Sucre"",49,14.5"
"558,""2021-05-19"",""La Paz"",67,19.8"
"559,""2021-05-19"",""Potosi"",61,18.2"
"560,""2021-05-19"",""Sucre"",50,14.9"
"561,""2021-05-19"",""Potosi"",62,18.4"
"562,""2021-05-19"",""Sucre"",51,14.8"
"563,""2021-05-19"",""Potosi"",63,18.6"
"564,""2021-05-19"",""Potosi"",19,5.8"
"565,""2021-05-19"",""Sucre"",46,13.9"
"566,""2021-05-19"",""Sucre"",50,14.9"
"567,""2021-05-19"",""Potosi"",21,6.3"
"568,""2021-05-19"",""Santa Cruz"",69,20.9"
"569,""2021-05-19"",""Sucre"",49,14.5"
"570,""2021-05-19"",""Santa Cruz"",69,20.7"
"571,""2021-05-19"",""Santa Cruz"",75,22.1"
"572,""2021-05-19"",""Potosi"",63,18.6"
"573,""2021-05-19"",""Potosi"",62,18.3"
"574,""2021-05-19"",""Sucre"",49,14.5"
"575,""2021-05-19"",""Potosi"",63,18.6"
"576,""2021-05-19"",""Santa Cruz"",67,19.8"
"577,""2021-05-20"",""La Paz"",67,19.7"
"578,""2021-05-20"",""La Paz"",67,19.6"
"579,""2021-05-20"",""Potosi"",63,18.3"
"580,""2021-05-20"",""Potosi"",62,18.2"
"581,""2021-05-20"",""Potosi"",64,18.6"
"582,""2021-05-20"",""La Paz"",67,19.6"
"583,""2021-05-20"",""Sucre"",51,14.9"
"584,""2021-05-20"",""Sucre"",51,14.9"
"585,""2021-05-20"",""Sucre"",50,14.8"
"586,""2021-05-20"",""Sucre"",49,14.1"
"587,""2021-05-20"",""Potosi"",64,18.7"
"588,""2021-05-20"",""Sucre"",47,13.9"
"589,""2021-05-20"",""Santa Cruz"",67,19.8"
"590,""2021-05-20"",""Santa Cruz"",68,20.2"
"591,""2021-05-21"",""Sucre"",48,14"
"592,""2021-05-21"",""Sucre"",52,15.2"
"593,""2021-05-21"",""Potosi"",19,5.5"
"594,""2021-05-21"",""Santa Cruz"",67,19.6"
"595,""2021-05-21"",""Potosi"",63,18.4"
"596,""2021-05-21"",""Potosi"",63,18.5"
"597,""2021-05-21"",""Sucre"",51,14.9"
"598,""2021-05-21"",""Sucre"",52,15.2"
"599,""2021-05-21"",""Sucre"",52,15.2"
"600,""2021-05-21"",""Potosi"",63,18.3"
"601,""2021-05-21"",""Sucre"",51,14.9"
"602,""2021-05-21"",""Santa Cruz"",68,19.8"
"603,""2021-05-21"",""Sucre"",52,15.1"
"604,""2021-05-21"",""Santa Cruz"",67,19.5"
"605,""2021-05-21"",""Sucre"",53,14.9"
"606,""2021-05-21"",""Potosi"",0,0"
"607,""2021-05-22"",""Sucre"",48,14"
"608,""2021-05-22"",""Oruro"",67,18.7"
"609,""2021-05-22"",""Sucre"",50,14"
"610,""2021-05-22"",""Santa Cruz"",69,20.6"
"611,""2021-05-22"",""Sucre"",49,14.5"
"612,""2021-05-22"",""Santa Cruz"",69,21.2"
"613,""2021-05-22"",""Potosi"",23,6.5"
"614,""2021-05-22"",""Potosi"",0,0"
"615,""2021-05-22"",""Potosi"",0,0"
"616,""2021-05-22"",""Sucre"",54,15"
"617,""2021-05-24"",""Santa Cruz"",69,20.2"
"618,""2021-05-25"",""Sucre"",51,14.5"
"619,""2021-05-25"",""Sucre"",52,15.2"
"620,""2021-05-25"",""Potosi"",61,18.2"
"621,""2021-05-25"",""Potosi"",63,18.5"
"622,""2021-05-25"",""La Paz"",67,19.8"
"623,""2021-05-26"",""La Paz"",68,19.7"
"624,""2021-05-26"",""La Paz"",67,19.5"
"625,""2021-05-26"",""La Paz"",68,19.8"
"626,""2021-05-26"",""Potosi"",17,4.9"
"627,""2021-05-26"",""Potosi"",24,6.7"
"628,""2021-05-26"",""Santa Cruz"",76,22.1"
"629,""2021-05-26"",""Santa Cruz"",67,19.4"
"630,""2021-05-26"",""Santa Cruz"",78,22.1"
"631,""2021-05-26"",""Oruro"",11,3.2"
"632,""2021-05-26"",""Santa Cruz"",68,19.8"
"633,""2021-05-26"",""Tarija"",51,15.1"
"634,""2021-05-26"",""Potosi"",26,7.5"
"635,""2021-05-26"",""Potosi"",66,18.6"
"636,""2021-05-26"",""Santa Cruz"",67,20.3"
"637,""2021-05-26"",""Santa Cruz"",68,20.5"
"638,""2021-05-26"",""Santa Cruz"",70,21.1"
"639,""2021-05-26"",""Oruro"",11,3.2"
"640,""2021-05-26"",""Tarija"",51,15.1"
"641,""2021-05-26"",""Tarija"",47,14"
"642,""2021-05-26"",""Santa Cruz"",70,20.9"
"643,""2021-05-26"",""Potosi"",61,18.2"
"644,""2021-05-27"",""Tarija"",50,14.6"
"645,""2021-05-27"",""Potosi"",20,5.8"
"646,""2021-05-27"",""Potosi"",63,18.3"
"647,""2021-05-27"",""Tarija"",55,15.2"
"648,""2021-05-27"",""La Paz"",70,19.5"
"649,""2021-05-27"",""Potosi"",63,18.5"
"650,""2021-05-28"",""Potosi"",64,18.6"
"651,""2021-05-28"",""Potosi"",20,5.8"
"652,""2021-05-28"",""Santa Cruz"",67,19.5"
"653,""2021-05-28"",""Tarija"",53,14.8"
"654,""2021-05-28"",""Tarija"",48,14"
"655,""2021-05-28"",""Potosi"",26,7.5"
"656,""2021-05-28"",""Potosi"",27,7.4"
"657,""2021-05-28"",""Potosi"",24,6.6"
"658,""2021-05-28"",""Potosi"",65,18.2"
"659,""2021-05-28"",""Oruro"",67,18.7"
"660,""2021-05-28"",""Santa Cruz"",76,22.1"
"661,""2021-05-28"",""Santa Cruz"",67,19.6"
"662,""2021-05-28"",""Santa Cruz"",75,22.1"
"663,""2021-05-28"",""Tarija"",55,15.1"
"664,""2021-05-28"",""Potosi"",0,0"
"665,""2021-05-28"",""Potosi"",26,7.4"
"666,""2021-05-28"",""Santa Cruz"",75,21.8"
"667,""2021-05-28"",""Santa Cruz"",75,21.9"
"668,""2021-05-28"",""Potosi"",64,18.7"
"669,""2021-05-28"",""Tarija"",51,14.7"
"670,""2021-05-29"",""Tarija"",52,15.2"
"671,""2021-05-29"",""Tarija"",47,13.9"
"672,""2021-05-29"",""Tarija"",48,13.9"
"673,""2021-05-29"",""La Paz"",67,19.6"
"674,""2021-05-29"",""Potosi"",18,5.3"
"675,""2021-05-29"",""Potosi"",64,18.5"
"676,""2021-05-29"",""Potosi"",20,5.8"
"677,""2021-05-29"",""Tarija"",47,13.7"
"678,""2021-05-29"",""Potosi"",20,5.8"
"679,""2021-05-29"",""Tarija"",51,14.8"
"680,""2021-05-29"",""Potosi"",0,0"
"681,""2021-05-29"",""Oruro"",68,18.7"
"682,""2021-05-29"",""Potosi"",0,0"
"683,""2021-05-29"",""Santa Cruz"",69,20.5"
"684,""2021-05-29"",""Potosi"",63,18.4"
"685,""2021-05-29"",""Tarija"",48,13.7"
"686,""2021-05-29"",""Potosi"",24,7.1"
"687,""2021-05-29"",""Tarija"",47,13.9"
"688,""2021-05-29"",""Santa Cruz"",68,20.2"
"689,""2021-05-29"",""Tarija"",50,14.9"
"690,""2021-05-29"",""Tarija"",51,15"
"691,""2021-05-30"",""Tarija"",52,15.1"
"692,""2021-05-30"",""Potosi"",23,6.7"
"693,""2021-05-31"",""Tarija"",48,13.8"
"694,""2021-05-31"",""Tarija"",53,14.8"
"695,""2021-05-31"",""Santa Cruz"",76,22"
"696,""2021-05-31"",""Potosi"",18,5.4"
"697,""2021-06-01"",""Tarija"",49,13.9"
"698,""2021-06-01"",""Santa Cruz"",69,20.7"
"699,""2021-06-02"",""Potosi"",19,5.5"
"700,""2021-06-02"",""Tarija"",47,13.8"
"701,""2021-06-02"",""Potosi"",26,7.2"
"702,""2021-06-02"",""Tarija"",47,13.7"
"703,""2021-06-02"",""La Paz"",67,19.5"
"704,""2021-06-02"",""Santa Cruz"",67,19.5"
"705,""2021-06-02"",""Tarija"",48,13.9"
"706,""2021-06-02"",""Potosi"",23,6.6"
"707,""2021-06-02"",""Santa Cruz"",76,22.1"
"708,""2021-06-02"",""La Paz"",67,19.8"
"709,""2021-06-02"",""La Paz"",67,19.6"
"710,""2021-06-02"",""Santa Cruz"",69,20.7"
"711,""2021-06-02"",""Santa Cruz"",68,20.8"
"712,""2021-06-02"",""Santa Cruz"",69,21.1"
"713,""2021-06-02"",""Santa Cruz"",68,20.7"
"714,""2021-06-02"",""Santa Cruz"",69,20.5"
"715,""2021-06-02"",""Santa Cruz"",69,20.8"
"716,""2021-06-02"",""Santa Cruz"",69,20.5"
"717,""2021-06-02"",""Santa Cruz"",69,20.5"
"718,""2021-06-03"",""Potosi"",18,5.2"
"719,""2021-06-03"",""Santa Cruz"",67,19.4"
"720,""2021-06-03"",""Potosi"",19,5.5"
"721,""2021-06-03"",""Potosi"",24,7.2"
"722,""2021-06-03"",""Tarija"",50,15.2"
"723,""2021-06-04"",""Tarija"",48,14"
"724,""2021-06-04"",""Potosi"",18,5.3"
"725,""2021-06-04"",""Tarija"",51,14.7"
"726,""2021-06-04"",""Potosi"",22,6.4"
"727,""2021-06-04"",""Potosi"",17,4.9"
"728,""2021-06-04"",""La Paz"",67,19.6"
"729,""2021-06-04"",""La Paz"",68,19.8"
"730,""2021-06-04"",""Santa Cruz"",67,19.6"
"731,""2021-06-04"",""Santa Cruz"",69,20.2"
"732,""2021-06-04"",""Tarija"",52,15.2"
"733,""2021-06-04"",""Tarija"",52,15.2"
"734,""2021-06-04"",""Tarija"",48,14"
"735,""2021-06-04"",""Santa Cruz"",68,19.6"
"736,""2021-06-04"",""Tarija"",49,14.6"
"737,""2021-06-04"",""Tarija"",51,15.2"
"738,""2021-06-04"",""La Paz"",67,19.8"
"739,""2021-06-04"",""Santa Cruz"",67,20.4"
"740,""2021-06-04"",""Santa Cruz"",69,20.6"
"741,""2021-06-04"",""Tarija"",50,15.1"
"742,""2021-06-04"",""Tarija"",48,14.6"
"743,""2021-06-04"",""Santa Cruz"",70,21.2"
"744,""2021-06-04"",""Potosi"",25,7.4"
"745,""2021-06-04"",""Potosi"",22,6.3"
"746,""2021-06-05"",""La Paz"",70,19.5"
"747,""2021-06-05"",""La Paz"",67,19.6"
"748,""2021-06-05"",""Potosi"",22,6.5"
"749,""2021-06-05"",""Tarija"",51,15"
"750,""2021-06-05"",""Tarija"",51,14.5"
"751,""2021-06-05"",""Santa Cruz"",70,20.7"
"752,""2021-06-05"",""Santa Cruz"",69,20.6"
"753,""2021-06-05"",""Santa Cruz"",70,20.9"
"754,""2021-06-06"",""Potosi"",20,5.8"
"755,""2021-06-06"",""Tarija"",52,14.9"
"756,""2021-06-07"",""Potosi"",20,5.7"
"757,""2021-06-07"",""La Paz"",69,19.6"
"758,""2021-06-07"",""Tarija"",53,15.1"
"759,""2021-06-07"",""Tarija"",48,13.9"
"760,""2021-06-07"",""Potosi"",23,6.6"
"761,""2021-06-07"",""Tarija"",51,15.2"
"762,""2021-06-08"",""Tarija"",49,14"
"763,""2021-06-08"",""Santa Cruz"",67,19.4"
"764,""2021-06-08"",""Tarija"",51,14.8"
"765,""2021-06-08"",""Potosi"",19,5.3"
"766,""2021-06-08"",""Tarija"",49,14.5"
"767,""2021-06-08"",""Tarija"",50,14.9"
"768,""2021-06-08"",""Tarija"",50,14.6"
"769,""2021-06-08"",""Potosi"",24,7.2"
"770,""2021-06-08"",""Tarija"",50,14.5"
"771,""2021-06-09"",""Tarija"",50,14.5"
"772,""2021-06-09"",""Tarija"",50,14.5"
"773,""2021-06-09"",""Tarija"",52,15"
"774,""2021-06-09"",""Tarija"",47,14.1"
"775,""2021-06-10"",""Santa Cruz"",67,19.3"
"776,""2021-06-10"",""Tarija"",52,15"
"777,""2021-06-11"",""Tarija"",55,15"
"778,""2021-06-12"",""Potosi"",17,4.9"
"779,""2021-06-12"",""La Paz"",67,19.8"
"780,""2021-06-12"",""Santa Cruz"",67,20.2"
"781,""2021-06-13"",""Potosi"",25,7.2"
"782,""2021-06-13"",""Potosi"",1,0.3"
"783,""2021-06-13"",""Tarija"",49,14.1"
"784,""2021-06-13"",""La Paz"",69,19.8"
"785,""2021-06-13"",""Potosi"",20,5.7"
"786,""2021-06-13"",""Santa Cruz"",76,21.8"
"787,""2021-06-13"",""Tarija"",49,14"
"788,""2021-06-13"",""Santa Cruz"",70,20.3"
"789,""2021-06-13"",""Potosi"",18,5.2"
"790,""2021-06-13"",""Santa Cruz"",69,20.7"
"791,""2021-06-13"",""Tarija"",46,13.9"
"792,""2021-06-13"",""Santa Cruz"",68,20.5"
"793,""2021-06-14"",""Cochabamba"",68,19.8"
"794,""2021-06-14"",""Potosi"",23,6.6"
"795,""2021-06-14"",""Tarija"",51,15.1"
"796,""2021-06-14"",""Tarija"",46,13.7"
"797,""2021-06-14"",""Santa Cruz"",67,19.8"
"798,""2021-06-14"",""Santa Cruz"",69,20.5"
"799,""2021-06-14"",""Santa Cruz"",69,20.6"
"800,""2021-06-14"",""Santa Cruz"",70,20.7"
"801,""2021-06-14"",""Santa Cruz"",70,20.9"
"802,""2021-06-14"",""Santa Cruz"",70,20.9"
"803,""2021-06-14"",""Santa Cruz"",69,20.5"
"804,""2021-06-14"",""Potosi"",25,7.4"
"805,""2021-06-14"",""Tarija"",50,14.8"
"806,""2021-06-14"",""Santa Cruz"",69,20.6"
"807,""2021-06-14"",""Tarija"",47,14"
"808,""2021-06-14"",""Tarija"",51,15.2"
"809,""2021-06-14"",""Tarija"",51,15.1"
"810,""2021-06-15"",""Potosi"",19,5.5"
"811,""2021-06-15"",""Tarija"",52,15"
"812,""2021-06-15"",""Cochabamba"",67,19.5"
"813,""2021-06-15"",""Potosi"",17,4.9"
"814,""2021-06-15"",""Santa Cruz"",67,19.5"
"815,""2021-06-15"",""Tarija"",50,14.5"
"816,""2021-06-15"",""Tarija"",52,15"
"817,""2021-06-15"",""Tarija"",52,15"
"818,""2021-06-15"",""Potosi"",20,5.8"
"819,""2021-06-15"",""Tarija"",52,15.1"
"820,""2021-06-15"",""Tarija"",51,14.8"
"821,""2021-06-16"",""Tarija"",48,13.9"
"822,""2021-06-16"",""Tarija"",50,14.5"
"823,""2021-06-16"",""Tarija"",48,13.9"
"824,""2021-06-16"",""Potosi"",19,5.5"
"825,""2021-06-16"",""Tarija"",48,13.9"
"826,""2021-06-16"",""Tarija"",52,15.1"
"827,""2021-06-16"",""Tarija"",52,15"
"828,""2021-06-16"",""Cochabamba"",68,19.8"
"829,""2021-06-16"",""Cochabamba"",67,19.5"
"830,""2021-06-16"",""Potosi"",23,6.7"
"831,""2021-06-16"",""Tarija"",52,15.1"
"832,""2021-06-16"",""Potosi"",25,7.2"
"833,""2021-06-16"",""Tarija"",51,14.7"
"834,""2021-06-16"",""Potosi"",26,7.5"
"835,""2021-06-16"",""Tarija"",47,13.9"
"836,""2021-06-16"",""Santa Cruz"",75,22.1"
"837,""2021-06-16"",""Tarija"",46,13.7"
"838,""2021-06-16"",""Santa Cruz"",69,20.3"
"839,""2021-06-16"",""Tarija"",51,15"
"840,""2021-06-16"",""Tarija"",49,14.5"
"841,""2021-06-16"",""Santa Cruz"",69,20.5"
"842,""2021-06-16"",""Santa Cruz"",70,20.8"
"843,""2021-06-17"",""Tarija"",51,14.5"
"844,""2021-06-17"",""Tarija"",53,15.2"
"845,""2021-06-17"",""Tarija"",47,13.7"
"846,""2021-06-18"",""Potosi"",22,6.3"
"847,""2021-06-18"",""Potosi"",25,7.2"
"848,""2021-06-18"",""Potosi"",18,5.1"
"849,""2021-06-18"",""Potosi"",0,0"
"850,""2021-06-19"",""Tarija"",49,13.7"
"851,""2021-06-19"",""Potosi"",24,6.6"
"852,""2021-06-19"",""Tarija"",52,15.1"
"853,""2021-06-19"",""Tarija"",48,14.1"
"854,""2021-06-19"",""Tarija"",49,13.8"
"855,""2021-06-20"",""Oruro"",11,3.1"
"856,""2021-06-20"",""Potosi"",22,6.3"
"857,""2021-06-20"",""Tarija"",51,14.8"
"858,""2021-06-20"",""Santa Cruz"",70,20.9"
"859,""2021-06-20"",""Santa Cruz"",69,20.3"
"860,""2021-06-20"",""Tarija"",51,15.1"
"861,""2021-06-20"",""Santa Cruz"",70,20.5"
"862,""2021-06-21"",""Tarija"",53,15.2"
"863,""2021-06-21"",""Tarija"",53,15.2"
"864,""2021-06-21"",""Potosi"",19,5.6"
"865,""2021-06-21"",""Cochabamba"",67,19.7"
"866,""2021-06-21"",""Potosi"",18,5.3"
"867,""2021-06-21"",""Tarija"",50,14.7"
"868,""2021-06-21"",""Tarija"",52,14.9"
"869,""2021-06-21"",""Tarija"",51,14.9"
"870,""2021-06-21"",""Santa Cruz"",67,19.7"
"871,""2021-06-21"",""Tarija"",51,14.7"
"872,""2021-06-21"",""Santa Cruz"",75,22.1"
"873,""2021-06-21"",""Santa Cruz"",75,22.1"
"874,""2021-06-22"",""Cochabamba"",3,0.8"
"875,""2021-06-22"",""Potosi"",23,6.5"
"876,""2021-06-22"",""Potosi"",26,7.3"
"877,""2021-06-22"",""Potosi"",19,5.4"
"878,""2021-06-22"",""Tarija"",52,15"
"879,""2021-06-22"",""Cochabamba"",68,19.8"
"880,""2021-06-22"",""Santa Cruz"",70,20.3"
"881,""2021-06-22"",""Santa Cruz"",68,19.6"
"882,""2021-06-22"",""Tarija"",49,14.1"
"883,""2021-06-22"",""Tarija"",52,14.8"
"884,""2021-06-22"",""Tarija"",48,13.7"
"885,""2021-06-22"",""Santa Cruz"",68,19.5"
"886,""2021-06-22"",""Potosi"",17,4.9"
"887,""2021-06-22"",""Santa Cruz"",68,19.6"
"888,""2021-06-22"",""Tarija"",47,14"
"889,""2021-06-22"",""Potosi"",19,5.7"
"890,""2021-06-22"",""Cochabamba"",67,19.5"
"891,""2021-06-22"",""Tarija"",48,14"
"892,""2021-06-22"",""Tarija"",51,14.8"
"893,""2021-06-22"",""Tarija"",47,13.9"
"894,""2021-06-22"",""Santa Cruz"",70,20.9"
"895,""2021-06-22"",""Santa Cruz"",70,20.9"
"896,""2021-06-22"",""Santa Cruz"",75,22.1"
"897,""2021-06-22"",""Santa Cruz"",69,20.5"
"898,""2021-06-22"",""Tarija"",51,15"
"899,""2021-06-22"",""Santa Cruz"",68,20.3"
"900,""2021-06-22"",""Santa Cruz"",70,20.9"
"901,""2021-06-22"",""Santa Cruz"",70,20.7"
"902,""2021-06-22"",""Tarija"",50,14.7"
"903,""2021-06-23"",""Cochabamba"",67,19.5"
"904,""2021-06-23"",""Tarija"",50,14.5"
"905,""2021-06-23"",""Oruro"",11,3.2"
"906,""2021-06-23"",""Tarija"",51,14.8"
"907,""2021-06-23"",""Potosi"",20,5.8"
"908,""2021-06-23"",""Cochabamba"",68,19.7"
"909,""2021-06-23"",""Oruro"",11,3.2"
"910,""2021-06-23"",""Oruro"",11,3.2"
"911,""2021-06-23"",""Tarija"",50,14.6"
"912,""2021-06-23"",""Tarija"",50,14.6"
"913,""2021-06-23"",""Cochabamba"",68,19.8"
"914,""2021-06-23"",""Tarija"",51,14.8"
"915,""2021-06-23"",""Tarija"",50,14.5"
"916,""2021-06-23"",""Tarija"",52,15.2"
"917,""2021-06-23"",""Potosi"",25,7.3"
"918,""2021-06-23"",""Potosi"",22,6.5"
"919,""2021-06-23"",""Cochabamba"",67,19.7"
"920,""2021-06-23"",""Potosi"",22,6.3"
"921,""2021-06-23"",""Tarija"",51,15.1"
"922,""2021-06-23"",""Tarija"",46,13.7"
"923,""2021-06-23"",""Tarija"",49,14.5"
"924,""2021-06-23"",""Tarija"",51,15.2"
"925,""2021-06-23"",""Potosi"",0,0"
"926,""2021-06-23"",""Tarija"",46,13.7"
"927,""2021-06-23"",""Tarija"",51,15.1"
"928,""2021-06-23"",""Tarija"",51,15.1"
"929,""2021-06-23"",""Tarija"",49,14.7"
"930,""2021-06-24"",""Tarija"",53,15"
"931,""2021-06-24"",""Cochabamba"",67,19.6"
"932,""2021-06-24"",""Cochabamba"",68,18.4"
"933,""2021-06-24"",""Tarija"",51,13.8"
"934,""2021-06-24"",""Tarija"",51,14.9"
"935,""2021-06-24"",""Tarija"",47,13.7"
"936,""2021-06-24"",""Tarija"",52,15"
"937,""2021-06-24"",""Tarija"",52,15.2"
"938,""2021-06-24"",""Potosi"",21,5.9"
"939,""2021-06-24"",""Tarija"",51,14.9"
"940,""2021-06-24"",""Potosi"",18,5.4"
"941,""2021-06-24"",""Potosi"",25,7.4"
"942,""2021-06-24"",""Potosi"",21,6.3"
"943,""2021-06-24"",""Tarija"",50,14.9"
"944,""2021-06-24"",""Tarija"",50,14.5"
"945,""2021-06-24"",""Tarija"",50,14.8"
"946,""2021-06-24"",""Tarija"",49,14.5"
"947,""2021-06-24"",""Tarija"",51,15.1"
"948,""2021-06-24"",""Tarija"",50,14.7"
"949,""2021-06-24"",""Tarija"",50,14.9"
"950,""2021-06-24"",""Tarija"",55,15.1"
"951,""2021-06-24"",""Cochabamba"",67,19.6"
"952,""2021-06-24"",""Tarija"",52,15.2"
"953,""2021-06-24"",""Potosi"",17,5.1"
"954,""2021-06-25"",""Potosi"",26,7.5"
"955,""2021-06-25"",""Cochabamba"",68,19.8"
"956,""2021-06-25"",""Tarija"",48,14"
"957,""2021-06-25"",""Tarija"",52,15.1"
"958,""2021-06-25"",""Potosi"",25,7.3"
"959,""2021-06-25"",""Potosi"",20,5.8"
"960,""2021-06-25"",""Tarija"",48,14"
"961,""2021-06-25"",""Tarija"",52,15.2"
"962,""2021-06-25"",""Tarija"",48,13.9"
"963,""2021-06-25"",""Tarija"",52,15.2"
"964,""2021-06-25"",""Cochabamba"",67,19.5"
"965,""2021-06-25"",""Tarija"",47,13.7"
"966,""2021-06-25"",""La Paz"",67,19.5"
"967,""2021-06-25"",""Tarija"",48,13.9"
"968,""2021-06-25"",""Potosi"",19,5.5"
"969,""2021-06-25"",""La Paz"",67,19.5"
"970,""2021-06-25"",""Tarija"",51,14.9"
"971,""2021-06-25"",""Tarija"",47,13.7"
"972,""2021-06-25"",""Tarija"",52,15.1"
"973,""2021-06-25"",""Tarija"",52,15.2"
"974,""2021-06-25"",""Tarija"",48,14"
"975,""2021-06-25"",""Potosi"",22,6.4"
"976,""2021-06-25"",""Tarija"",51,14.8"
"977,""2021-06-25"",""Potosi"",26,7.5"
"978,""2021-06-25"",""Tarija"",52,15.1"
"979,""2021-06-25"",""Tarija"",53,15.2"
"980,""2021-06-25"",""Tarija"",51,14.8"
"981,""2021-06-25"",""Tarija"",48,14"
"982,""2021-06-25"",""Tarija"",53,15"
"983,""2021-06-25"",""Tarija"",50,14.7"
"984,""2021-06-25"",""Tarija"",51,15"
"985,""2021-06-25"",""Tarija"",50,14.9"
"986,""2021-06-25"",""Tarija"",47,14.1"
"987,""2021-06-25"",""Tarija"",46,13.9"
"988,""2021-06-25"",""Tarija"",50,14.8"
"989,""2021-06-25"",""Tarija"",48,14.6"
"990,""2021-06-25"",""Tarija"",48,14.5"
"991,""2021-06-25"",""Tarija"",48,14.7"
"992,""2021-06-25"",""Tarija"",49,14.6"
"993,""2021-06-25"",""Tarija"",51,15.2"
"994,""2021-06-26"",""Potosi"",20,5.8"
"995,""2021-06-26"",""Tarija"",49,14"
"996,""2021-06-26"",""Potosi"",1,0.3"
"997,""2021-06-26"",""Potosi"",21,5.8"
"998,""2021-06-26"",""Potosi"",26,7.5"
"999,""2021-06-26"",""Potosi"",22,6.3"
"1000,""2021-06-26"",""Potosi"",21,5.9"
